store_id,store_no,store_name_hrv,store_acronym,store_name,wholesale,warehouse,store_group,store_format,store_level,store_segment,opening_date,closed_date,status,phone,mail,store_asm,store_manager,store_area,number_of_staff,address1,address2,ward,district,province,country,channel
1,0120534503,NULL,NULL,SỈ LAI,1,NULL,NULL,NULL,NULL,NULL,NULL,NULL,Active,NULL,NULL,NULL,NULL,NULL,NULL,NULL,NULL,NULL,NULL,NULL,NULL,BD
2,0120534504,NULL,NULL,CUSTOMIZE LAI,1,NULL,NULL,NULL,NULL,NULL,NULL,NULL,Active,NULL,NULL,NULL,NULL,NULL,NULL,NULL,NULL,NULL,NULL,NULL,NULL,BD
3,0120534505,NULL,NULL,SỈ PHÚC,1,NULL,NULL,NULL,NULL,NULL,NULL,NULL,Active,NULL,NULL,NULL,NULL,NULL,NULL,NULL,NULL,NULL,NULL,NULL,NULL,BD
4,0120534506,NULL,NULL,CUSTOMIZE PHÚC,1,NULL,NULL,NULL,NULL,NULL,NULL,NULL,Active,NULL,NULL,NULL,NULL,NULL,NULL,NULL,NULL,NULL,NULL,NULL,NULL,BD
6,0120534508,NULL,NULL,CUSTOMIZE PHÁT,1,NULL,NULL,NULL,NULL,NULL,NULL,NULL,Active,NULL,NULL,NULL,NULL,NULL,NULL,NULL,NULL,NULL,NULL,NULL,NULL,BD
7,VN02379418102,NULL,NULL,FACEBOOK,NULL,NULL,NULL,NULL,NULL,NULL,NULL,NULL,Active,NULL,NULL,NULL,NULL,NULL,NULL,NULL,NULL,NULL,NULL,NULL,NULL,Online
8,VN02379418103,NULL,NULL,ZALO,NULL,NULL,NULL,NULL,NULL,NULL,NULL,NULL,Active,NULL,NULL,NULL,NULL,NULL,NULL,NULL,NULL,NULL,NULL,NULL,NULL,Online
9,VN02379418104,NULL,NULL,INSTAGRAM,NULL,NULL,NULL,NULL,NULL,NULL,NULL,NULL,Active,NULL,NULL,NULL,NULL,NULL,NULL,NULL,NULL,NULL,NULL,NULL,NULL,Online
10,VN02379418105,NULL,NULL,APP,NULL,NULL,NULL,NULL,NULL,NULL,NULL,NULL,Active,NULL,NULL,NULL,NULL,NULL,NULL,NULL,NULL,NULL,NULL,NULL,NULL,Online
11,VN02379418106,NULL,NULL,WEB,NULL,NULL,NULL,NULL,NULL,NULL,NULL,NULL,Active,NULL,NULL,NULL,NULL,NULL,NULL,NULL,NULL,NULL,NULL,NULL,NULL,Online
12,VN02379418107,NULL,NULL,ECOMOBI,NULL,NULL,NULL,NULL,NULL,NULL,NULL,NULL,Active,NULL,NULL,NULL,NULL,NULL,NULL,NULL,NULL,NULL,NULL,NULL,NULL,Online
13,VN02379418108,NULL,NULL,ACCESSTRADE,NULL,NULL,NULL,NULL,NULL,NULL,NULL,NULL,Active,NULL,NULL,NULL,NULL,NULL,NULL,NULL,NULL,NULL,NULL,NULL,NULL,Online
14,VN02379418109,NULL,NULL,MASOFFER,NULL,NULL,NULL,NULL,NULL,NULL,NULL,NULL,Active,NULL,NULL,NULL,NULL,NULL,NULL,NULL,NULL,NULL,NULL,NULL,NULL,Online
15,VN02379418110,NULL,NULL,LAZADA,NULL,NULL,NULL,NULL,NULL,NULL,NULL,NULL,Active,NULL,NULL,NULL,NULL,NULL,NULL,NULL,NULL,NULL,NULL,NULL,NULL,Online
16,VN02379418111,NULL,NULL,SHOPEE,NULL,NULL,NULL,NULL,NULL,NULL,NULL,NULL,Active,NULL,NULL,NULL,NULL,NULL,NULL,NULL,NULL,NULL,NULL,NULL,NULL,Online
17,VN02379418112,NULL,NULL,SENDO,NULL,NULL,NULL,NULL,NULL,NULL,NULL,NULL,Active,NULL,NULL,NULL,NULL,NULL,NULL,NULL,NULL,NULL,NULL,NULL,NULL,Online
18,VN02379418113,NULL,NULL,AEON,NULL,NULL,NULL,NULL,NULL,NULL,NULL,NULL,Active,NULL,NULL,NULL,NULL,NULL,NULL,NULL,NULL,NULL,NULL,NULL,NULL,Online
19,VN03379418116,NULL,NULL,TIKI,NULL,NULL,NULL,NULL,NULL,NULL,NULL,NULL,Active,NULL,NULL,NULL,NULL,NULL,NULL,NULL,NULL,NULL,NULL,NULL,NULL,Online
295646,VN02379317052,KHO TRUNG TÂM,NULL,KHO TRUNG TÂM,NULL,1,NULL,NULL,NULL,NULL,NULL,NULL,Active,02873066562,duckhanh@coupletx.com,NULL,NULL,NULL,NULL,"25 Lô 3, Đường 19/5A, KCN Tân Bình",Quận Tân Bình,Phường Tây Thạnh,Quận Tân Phú,Hồ Chí Minh,Vietnam,Warehouse
307222,VN02379111001,HAI BÀ TRƯNG,HBT,HAI BÀ TRƯNG,NULL,NULL,Trực thuộc,Phố,A,Mainstream,2011-01-11,NULL,Active,028 6657 6246,hcm.haibatrung@coupletx.com,Mr. NAM,VŨ ANH THÚY MỸ,112,6,289 Hai Bà Trưng,NULL,Phường 08,Quận 3,Hồ Chí Minh,Vietnam,Retail
307244,VN02379113003,CỘNG HÒA,CH,CỘNG HÒA,NULL,NULL,Trực thuộc,Phố,A,Mainstream,2013-04-25,NULL,Active,028 6292 5600,hcm.conghoa@coupletx.com,Mr. NAM,VÕ PHÚ LAN LINH,170,5,"424 Cộng Hòa, Phường 13",NULL,Phường 13,Quận Tân Bình,Hồ Chí Minh,Vietnam,Retail
307248,VN02379113005,HÓC MÔN,HM,HÓC MÔN,NULL,NULL,Trực thuộc,Phố,B,Mass,2013-11-07,NULL,Active,028 6652 6566,hcm.nguyenanhthu@coupleTX.com,Mr. NAM,NGUYỄN THỊ DUNG,78,4,"10/1 Nguyễn Ảnh Thủ, Xã Trung Chánh",NULL,Xã Trung Chánh,Huyện Hóc Môn,Hồ Chí Minh,Vietnam,Retail
320264,VN02379113004,CÁCH MẠNG THÁNG TÁM,CMT8,CÁCH MẠNG THÁNG TÁM,NULL,NULL,Trực thuộc,Phố,B,Mass,2013-10-01,NULL,Active,028 7300 2515,hcm.cmt8@coupletx.com,Mr. NAM,NGÔ NGỌC LÀI,120,5,785 - 785A Cách Mạng Tháng 8,NULL,Phường 15,Quận Tân Bình,Hồ Chí Minh,Vietnam,Retail
328165,VN02379219043,AEON TÂN PHÚ,AEON TP,AEON TÂN PHÚ,NULL,NULL,Trực thuộc,Mall,A++,Flagship,2019-04-25,NULL,Active,1800 6516 - 204,hcm.aeontp@coupletx.com,Mr. SANG,NGUYỄN KHÁNH DUNG,380,14,"F1-2, Aeon Mall Tân Phú, 30 Bờ bao Tân Thắng, Phường Sơn Kỳ",NULL,Phường Sơn Kỳ,Quận Tân Phú,Hồ Chí Minh,Vietnam,Retail
348984,VN02379518114,KHO ĐI ĐƯỜNG,NULL,KHO ĐI ĐƯỜNG,NULL,1,NULL,NULL,NULL,NULL,NULL,NULL,Active,000000000,NULL,NULL,NULL,NULL,NULL,20 Cộng hòa,NULL,Phường 12,Quận Tân Bình,Hồ Chí Minh,Vietnam,Warehouse
349920,VN02379216013,AEON BÌNH TÂN,AEON BT,AEON BÌNH TÂN,NULL,NULL,Trực thuộc,Mall,A,Mainstream,2016-07-01,NULL,Active,028 3620 6040,hcm.aeonbt@coupletx.com,Mr. NAM,NGUYỄN THỊ MỸ NỮ,90,6,"F24, Aeon Bình Tân, Số 1 đường 17A, Phường Bình Trị Đông B",NULL,Phường Bình Trị Đông B,Quận Bình Tân,Hồ Chí Minh,Vietnam,Retail
349924,VN02379118028,LŨY BÁN BÍCH,LBB,LŨY BÁN BÍCH,NULL,NULL,Trực thuộc,Phố,A,Mainstream,2018-05-05,NULL,Active,028 6670 9899,lbb.store@coupletx.com,Mr. SANG,TRỊNH CHIÊU PHA,165,5,592 Lũy Bán Bích,NULL,Phường Hòa Thạnh,Quận Tân Phú,Hồ Chí Minh,Vietnam,Retail
349930,VN02379118079,NGUYỄN TRÃI 2 (CLOSED),NULL,NGUYỄN TRÃI 2 (CLOSED),NULL,NULL,Trực thuộc,Phố,NULL,NULL,NULL,NULL,Inactive,02862610400,nt2.store@coupletx.com,NULL,NULL,NULL,NULL,"197 Nguyễn Trãi, Phường 2",NULL,NULL,Quận 5,Hồ Chí Minh,Vietnam,Retail
349932,VN02379118080,NGUYỄN TRÃI 3 (CLOSED),NULL,NGUYỄN TRÃI 3 (CLOSED),NULL,NULL,Trực thuộc,Phố,NULL,NULL,NULL,NULL,Inactive,02839240332,nt3.store@coupletx.com,NULL,NULL,NULL,NULL,"128 Nguyễn Trãi, Phường 3",NULL,NULL,Quận 5,Hồ Chí Minh,Vietnam,Retail
349938,VN02379118081,NGUYỄN TRÃI 1 (CLOSED),NULL,NGUYỄN TRÃI 1 (CLOSED),NULL,NULL,Trực thuộc,Phố,NULL,NULL,NULL,NULL,Inactive,02862610400,nt1.store@coupletx.com,NULL,NULL,NULL,NULL,"423 Nguyễn Trãi, Phường 7",NULL,NULL,Quận 5,Hồ Chí Minh,Vietnam,Retail
349952,VN02379116014,HẬU GIANG,HG,HẬU GIANG,NULL,NULL,Trực thuộc,Phố,B,Mass,2016-10-11,NULL,Active,028 3960 2234,hcm.haugiang@coupletx.com,Mr. NAM,HỒ NGỌC THỦY,110,4,"194 Hậu Giang, Phường 6",NULL,Phường 06,Quận 6,Hồ Chí Minh,Vietnam,Retail
349954,VN02379218082,LOTTE Q7 (CLOSED),NULL,LOTTE Q7 (CLOSED),NULL,NULL,Trực thuộc,Mall,NULL,NULL,NULL,NULL,Inactive,02836201479,lotteq7.store@coupletx.com,NULL,NULL,NULL,NULL,"1F16 Lotte Mart, 469 Nguyễn Hữu Thọ, Phường Tân Hưng",NULL,NULL,Quận 7,Hồ Chí Minh,Vietnam,Retail
349958,VN02379117015,NGUYỄN THỊ THẬP,NTT,NGUYỄN THỊ THẬP,NULL,NULL,Trực thuộc,Phố,A,Mainstream,2017-03-31,NULL,Active,028 3620 8139,hcm.nguyenthithap@coupletx.com,Mr. NAM,THÁI MỸ KIM,136,6,"603 Nguyễn Thị Thập, Phường Tân Phong",NULL,Phường Tân Phong,Quận 7,Hồ Chí Minh,Vietnam,Retail
349962,VN02379216011,VINCOM Q9,VC LVV,VINCOM Q9,NULL,NULL,Trực thuộc,Mall,C,Mass,2016-03-26,NULL,Active,028 3720 4569,hcm.vincomq9@coupletx.com,Mr. SANG,NGUYỄN THẢO NHI (CHP),90,4,"L2-02 Vincom, Số 50 Lê Văn Việt, Phường Hiệp Phú",NULL,Phường Hiệp Phú,Quận 9,Hồ Chí Minh,Vietnam,Retail
349970,VN02379118083,QUANG TRUNG 1 (CLOSED),NULL,QUANG TRUNG 1 (CLOSED),NULL,NULL,Trực thuộc,Phố,NULL,NULL,NULL,NULL,Inactive,02862572820,gv1.store@coupletx.com,NULL,NULL,NULL,NULL,"318 Quang Trung, Phường 10",NULL,NULL,Quận Gò Vấp,Hồ Chí Minh,Vietnam,Retail
349972,VN02379114007,QUANG TRUNG 2,QT2,QUANG TRUNG 2,NULL,NULL,Trực thuộc,Phố,B,Mainstream,2014-05-01,NULL,Active,028 6660 9399,hcm.quangtrung2@coupletx.com,Mr. NAM,TRẦN THỊ KIM NGÂN,120,5,"437 Quang Trung, Phường 10",NULL,Phường 10,Quận Gò Vấp,Hồ Chí Minh,Vietnam,Retail
349978,VN02379116012,XÔ VIẾT NGHỆ TĨNH,XVNT,XÔ VIẾT NGHỆ TĨNH,NULL,NULL,Trực thuộc,Phố,C,Mass,2016-05-30,NULL,Active,028 6294 9921,hcm.xvnt@coupletx.com,Mr. NAM,NGUYỄN THỊ THANH THỦY (CHP),56,4,243 Xô Viết Nghệ Tĩnh,NULL,Phường 17,Quận Bình Thạnh,Hồ Chí Minh,Vietnam,Retail
349980,VN02379112002,VÕ VĂN NGÂN,VVN,VÕ VĂN NGÂN,NULL,NULL,Trực thuộc,Phố,A,Mainstream,2012-08-22,NULL,Active,028 6283 8362,hcm.vovanngan@coupletx.com,Mr. SANG,NGUYỄN THỊ HUYỀN THINH,120,6,134-136 Võ Văn Ngân,NULL,Phường Bình Thọ,Quận Thủ Đức,Hồ Chí Minh,Vietnam,Retail
349986,VN02379118084,KHÁNH HỘI (CLOSED),NULL,KHÁNH HỘI (CLOSED),NULL,NULL,Trực thuộc,Phố,NULL,NULL,NULL,NULL,Inactive,02836208173,khanhhoi.store@coupletx.com,NULL,NULL,NULL,NULL,"199 Khánh Hội, Phường 3",NULL,NULL,Quận 4,Hồ Chí Minh,Vietnam,Retail
349988,VN02101218085,VINCOM PHẠM NGỌC THẠCH (CLOSED),NULL,VINCOM PHẠM NGỌC THẠCH (CLOSED),NULL,NULL,Trực thuộc,Mall,NULL,NULL,NULL,NULL,Inactive,02436374379,vcpnt.store@coupletx.com,NULL,NULL,NULL,NULL,"L3-15 Vincom, Số 2 Phạm Ngọc Thạch",Quận Tân Bình,NULL,Quận Đống Đa,Hà Nội,Vietnam,Retail
349996,VN02101218086,LOTTE ĐÀO TẤN (CLOSED),NULL,LOTTE ĐÀO TẤN (CLOSED),NULL,NULL,Trực thuộc,Mall,NULL,NULL,NULL,NULL,Inactive,02463294277,lottedaotan.store@coupletx.com,NULL,NULL,NULL,NULL,"54 Liễu Giai, Cống Vị",Quận Tân Bình,NULL,Quận Ba Đình,Hà Nội,Vietnam,Retail
349998,VN02375118027,BIÊN HÒA,BH,BIÊN HÒA,NULL,NULL,Nhượng quyền,Phố,B,Mainstream,2018-04-24,NULL,Active,0251 3822 925,bienhoa.phamvanthuan@coupletx.com,Mr. LIÊM,NGUYỄN THỊ NGỌC DIỄM,90,4,264 Phạm Văn Thuận,Quận Tân Bình,Phường Thống Nhất,Thành phố Biên Hòa,Đồng Nai,Vietnam,Retail
350016,VN02374120049,BÌNH DƯƠNG,BD,BÌNH DƯƠNG,NULL,NULL,Nhượng quyền,Phố,B,Mass,2020-03-27,NULL,Active,0274 3848 859,binhduong.yersin@coupletx.com,Ms. YẾN,TRƯƠNG THỊ KIM HƯƠNG,165,4,65A Yersin,Quận Tân Bình,Phường Phú Cường,Thành phố Thủ Dầu Một,Bình Dương,Vietnam,Retail
350018,VN02374214008,AEON BÌNH DƯƠNG,AEON BD,AEON BÌNH DƯƠNG,NULL,NULL,Trực thuộc,Mall,A,Mainstream,2014-11-01,NULL,Active,0274 3769 816,hcm.aeonbd@coupletx.com,Mr. LIÊM,"PHẠM THỊ THANH PHÙNG ",91,6,"Aeon Mall, Số 1 Đại Lộ Bình Dương",Quận Tân Bình,Phường Thuận Giao,Thành phố Thuận An,Bình Dương,Vietnam,Retail
350026,VN02266120010,BUÔN MA THUỘT,BMT,BUÔN MA THUỘT,NULL,NULL,Nhượng quyền,Phố,B,Mass,2020-07-07,NULL,Active,09 3333 4003,bmt.store@coupletx.com,Ms. HIỆP,BÙI THỊ NGÂN,70,3,80 Phan Chu Trinh,Quận Tân Bình,Phường Thắng Lợi,Thành phố Buôn Mê Thuột,Đắk Lắk,Vietnam,Retail
350028,VN02392115009,CẦN THƠ,CT,CẦN THƠ,NULL,NULL,Nhượng quyền,Phố,C,Mass,2015-03-29,NULL,Active,0292 381 9514,cantho.nguyentrai@coupletx.com,Mr. LIÊM,NGUYỄN THỊ THÚY AN,52,3,"53 Nguyễn Trãi, Phường An Hội",Quận Tân Bình,Phường An Hội,Quận Ninh Kiều,Cần Thơ,Vietnam,Retail
350040,VN02248218035,VINCOM ĐÀ NẴNG,VC ĐN,VINCOM ĐÀ NẴNG,NULL,NULL,Trực thuộc,Mall,A,Mainstream,2018-02-11,NULL,Active,0236 3981 456,danang.vincomdn@gmail.com,Ms. CHO,ĐỖ KHÁNH HỘI,112,6,"L2-06 Vincom, 910A Ngô Quyền, Phường An Hải Bắc",Quận Tân Bình,Phường An Hải Bắc,Quận Sơn Trà,Đà Nẵng,Vietnam,Retail
350046,VN02248118037,LÊ DUẨN ĐÀ NẴNG,LD,LÊ DUẨN ĐÀ NẴNG,NULL,NULL,Trực thuộc,Mall,C,Mass,2018-11-06,NULL,Active,0236 3751 577,danang.leduan@coupletx.com,Ms. CHO,ĐỖ KHÁNH HÒA,55.12,5,"454 Lê Duẩn, Phường Chính Gián",Quận Tân Bình,Phường Chính Gián,Quận Thanh Khê,Đà Nẵng,Vietnam,Retail
350054,VN02380117016,LONG AN,LA,LONG AN,NULL,NULL,Nhượng quyền,Phố,B,Mass,2017-04-28,NULL,Active,0272 3811 885,longan.haunghia@coupletx.com,Mr. SANG,TRẦN PHƯỢNG NGÂN,35,3,"16/27 Nguyễn Trung Trực, Ô 3 Khu A, Thị trấn Hậu Nghĩa",Quận Tân Bình,Thị trấn Hậu Nghĩa,Huyện Đức Hòa,Long An,Vietnam,Retail
350056,VN02391118025,RẠCH GIÁ,RG,RẠCH GIÁ,NULL,NULL,Trực thuộc,Phố,C,Mass,2018-04-14,NULL,Active,0297 3877 567,rachgia.nguyentrungtruc@coupletx.com,Mr. LIÊM,TRẦN THỊ MỸ TUYÊN,64,4,143 Nguyễn Trung Trực,Quận Tân Bình,Phường Vĩnh Bảo,Thành phố Rạch Giá,Kiên Giang,Vietnam,Retail
350058,VN02379218087,VINCOM RẠCH GIÁ (CLOSED),NULL,VINCOM RẠCH GIÁ (CLOSED),NULL,NULL,Trực thuộc,Mall,NULL,NULL,NULL,NULL,Inactive,029773900911,vincomrachgia.store@coupletx.com,NULL,NULL,NULL,NULL,"Vincom, Lô A12 Cô Bắc, Phường Vĩnh Bảo",Quận Tân Bình,NULL,Thành phố Rạch Giá,Kiên Giang,Vietnam,Retail
350060,VN02377114006,VŨNG TÀU,VT,VŨNG TÀU,NULL,NULL,Nhượng quyền,Phố,A,Mainstream,2014,NULL,Active,0966 208 218,bacu.vungtau@coupletx.com,Ms. HIỆP,"LÊ THỊ HIỆP ",160,4,"218 Ba Cu, Phường 3",Quận Tân Bình,Phường 3,Thành phố Vũng Tàu,Bà Rịa - Vũng Tàu,Vietnam,Retail
350270,VN02379218088,BIGC AN LẠC (CLOSED),NULL,BIGC AN LẠC (CLOSED),NULL,NULL,Trực thuộc,Mall,NULL,NULL,NULL,NULL,Inactive,01289893470,bigcanlac@coupletx.com,NULL,NULL,NULL,NULL,"BigC An Lạc, Quốc Lộ 1A, Phường Bình Trị Đông B",NULL,NULL,Quận Bình Tân,Hồ Chí Minh,Vietnam,Retail
350444,VN02389117017,LONG XUYÊN (CLOSED),LX,LONG XUYÊN (CLOSED),NULL,NULL,Nhượng quyền,Phố,C,Mass,2017-04-26,NULL,Inactive,029 6626 3777,longxuyen.tranhungdao@coupletx.com,Ms. HIỆP,BÙI THỊ NGỌC YẾN,60,2,"1292 Trần Hưng Đạo, Phường Mỹ Xuyên",NULL,NULL,Thành Phố Long Xuyên,An Giang,Vietnam,Retail
350648,VN02244118089,QUẢNG BÌNH (CLOSED),NULL,QUẢNG BÌNH (CLOSED),NULL,NULL,Nhượng quyền,Phố,NULL,NULL,NULL,NULL,Inactive,0915996768,duckhanh@coupletx.com,NULL,NULL,NULL,NULL,72 Trần Hưng Đạo,NULL,NULL,Thành phố Đồng Hới,Quảng Bình,Vietnam,Retail
354468,VN02372117020,TÂY NINH,TN,TÂY NINH,NULL,NULL,Nhượng quyền,Phố,C,Mass,2017-08-20,NULL,Active,027 6650 9779,tayninh.hungvuong@coupletx.com,Mr. SANG,TÔ HỒNG YẾN,120,2,"221 Hùng Vương, Khu phố 4, Thị trấn Hoà Thành, Tây Ninh",NULL,Thị trấn Hòa Thành,Huyện Hòa Thành,Tây Ninh,Vietnam,Retail
365400,VN02379317053,KHO MARKETING,NULL,KHO MARKETING,NULL,1,NULL,NULL,NULL,NULL,NULL,NULL,Active,0968999063,cskh@coupletx.com,NULL,NULL,NULL,NULL,"Pico Plaza, 20 Cộng Hòa",NULL,Phường 12,Quận Tân Bình,Hồ Chí Minh,Vietnam,Warehouse
369890,VN02379317054,KHO SỈ PHÚC,NULL,KHO SỈ PHÚC,1,NULL,NULL,NULL,NULL,NULL,NULL,NULL,Active,0913422010,phucngo@coupletx.com,NULL,NULL,NULL,NULL,"Pico Plaza, 20 Cộng Hòa",NULL,Phường 12,Quận Tân Bình,Hồ Chí Minh,Vietnam,BD
369896,VN02379317055,KHO SỈ LAI,NULL,KHO SỈ LAI,1,NULL,NULL,NULL,NULL,NULL,NULL,NULL,Active,0918432010,laitran@coupletx.com,NULL,NULL,NULL,NULL,"Tòa nhà Pico, 20 Cộng Hòa",NULL,Phường 12,Quận Tân Bình,Hồ Chí Minh,Vietnam,BD
370346,VN02379317056,KHO NHÂN SỰ,NULL,KHO NHÂN SỰ,NULL,1,NULL,NULL,NULL,NULL,NULL,NULL,Active,0984322149,trangntk@coupletx.com,NULL,NULL,NULL,NULL,"Tòa nhà Pico, Số 20 Cộng Hòa",NULL,Phường 12,Quận Tân Bình,Hồ Chí Minh,Vietnam,Warehouse
373776,VN02379317057,KHO HÀNG SỬA,NULL,KHO HÀNG SỬA,NULL,1,NULL,NULL,NULL,NULL,NULL,NULL,Active,1234567890,abc@123.com,NULL,NULL,NULL,NULL,"25 Lô 3, Đường 19/5A, KCN Tân Bình",NULL,Phường Tây Thạnh,Quận Tân Phú,Hồ Chí Minh,Vietnam,Warehouse
374428,VN02379317058,KHO HÀNG B,NULL,KHO HÀNG B,NULL,1,NULL,NULL,NULL,NULL,NULL,NULL,Active,1234567890,abc@123.com,NULL,NULL,NULL,NULL,"25 Lô 3, Đường 19/5A, KCN Tân Bình",NULL,Phường Tây Thạnh,Quận Tân Phú,Hồ Chí Minh,Vietnam,Warehouse
374926,VN02379317059,KHO BẢO VỆ,NULL,KHO BẢO VỆ,NULL,1,NULL,NULL,NULL,NULL,NULL,NULL,Active,0123456789,chanhnguyen@coupletx.com,NULL,NULL,NULL,NULL,20 Cộng Hòa,NULL,Phường 12,Quận Tân Bình,Hồ Chí Minh,Vietnam,Warehouse
375688,VN02379317060,KHO STUDIO,NULL,KHO STUDIO,NULL,1,NULL,NULL,NULL,NULL,NULL,NULL,Active,1234567890,abc@123.com,NULL,NULL,NULL,NULL,128 Nguyễn Trãi,NULL,Phường 08,Quận 5,Hồ Chí Minh,Vietnam,Warehouse
387240,VN02256117021,NHA TRANG,NT,NHA TRANG,NULL,NULL,Nhượng quyền,Phố,C,Mass,2017-11-16,NULL,Active,0258 629 5588,nhatrang.quangtrung@coupletx.com,Ms. CHO,TRẦN THỊ THU HIỀN,80,4,"58 Quang Trung, Vạn Thạnh, Nha Trang",NULL,Phường Vạn Thạnh,Thành phố Nha Trang,Khánh Hòa,Vietnam,Retail
395144,VN02246117022,HUẾ (CLOSED),HUE,HUẾ (CLOSED),NULL,NULL,Nhượng quyền,Phố,C,Mass,2017-12-08,2020-10-30,Inactive,0234 651 8884,hue.truongchinh@coupletx.com,Ms. CHO,TRẦN THỊ BÍCH THÙY,64,3,28C Trường Chinh,NULL,Phường Xuân Phú,Thành phố Huế,Thừa Thiên Huế,Vietnam,Retail
412585,VN02251117023,QUẢNG NGÃI,QN,QUẢNG NGÃI,NULL,NULL,Nhượng quyền,Phố,C,Mass,2017-12-23,NULL,Active,0255 650 3939,Quangngai.tranhungdao@coupletx.com,Ms. CHO,NGUYỄN TRỊNH VỸ,100,3,45 Trần Hưng Đạo,NULL,Phường Nguyễn Nghiêm,Thành phố Quảng Ngãi,Quảng Ngãi,Vietnam,Retail
413854,VN02379317061,KHO HÀNG PHẾ,NULL,KHO HÀNG PHẾ,NULL,1,NULL,NULL,NULL,NULL,NULL,NULL,Active,0123456789,acb@gmail.com,NULL,NULL,NULL,NULL,"25 Lô 3, Đường 19/5A, KCN Tân Bình",NULL,Phường Tây Thạnh,Quận Tân Phú,Hồ Chí Minh,Vietnam,Warehouse
441997,VN02374118032,DĨ AN,DA-BD,DĨ AN,NULL,NULL,Nhượng quyền,Phố,C,Mass,2018-07-03,NULL,Active,0274 650 6555,dian.nguyenanninh@coupletx.com,Mr. LIÊM,TRỊNH THỊ NGỌC TRINH,125,3,12C Nguyễn An Ninh,NULL,Phường Dĩ An,Thành phố Dĩ An,Bình Dương,Vietnam,Retail
451647,VN02379318078,KHO ONLINE,NULL,KHO ONLINE,NULL,NULL,NULL,NULL,NULL,NULL,NULL,NULL,Active,0982747177,sale.online@coupletx.com,NULL,NULL,NULL,NULL,"Lô III 25 Đường 19/5A, Nhóm CN III, KCN Tân Bình",NULL,Phường Tây Thạnh,Quận Tân Phú,Hồ Chí Minh,Vietnam,Online
452387,VN02379118024,QUANG TRUNG 3,QT3,QUANG TRUNG 3,NULL,NULL,Trực thuộc,Phố,B,Mass,31/03/18,NULL,Active,02866602710,quangtrung3.store@coupletx.com,Ms. YẾN,TRẦN THỊ TRÚC MY (CHP),159,5,150 Quang Trung,NULL,Phường 10,Quận Gò Vấp,Hồ Chí Minh,Vietnam,Retail
461343,VN02264118026,PLEIKU (CLOSED),NULL,PLEIKU (CLOSED),NULL,NULL,Nhượng quyền,Phố,NULL,NULL,NULL,NULL,Inactive,02693600464,pleiku.store@coupletx.com,NULL,NULL,NULL,NULL,76B Phan Bội Châu,NULL,Phường Hội Thương,Thành phố Pleiku,Gia Lai,Vietnam,Online
461349,VN02379118036,NGUYỄN THỊ TÚ,NTTU,NGUYỄN THỊ TÚ,NULL,NULL,Trực thuộc,Phố,C,Mass,2018-11-05,NULL,Active,028 7306 6562,hcm.nguyenthitu@coupletx.com,Ms. YẾN,NGUYỄN THỊ PHƯƠNG HÀ,170,4,137 Nguyễn Thị Tú,NULL,Phường Bình Hưng Hoà B,Quận Bình Tân,Hồ Chí Minh,Vietnam,Retail
464495,VN02254118030,TUY HÒA,TH,TUY HÒA,NULL,NULL,Nhượng quyền,Phố,C,Mass,2018-05-16,NULL,Active,0573 666 766,tuyhoa.tranhungdao@coupletx.com,Ms. CHO,ĐẶNG THỊ THANH NGÂN,90,4,281 Trần Hưng Đạo,NULL,Phường 6,Thành phố Tuy Hòa,Phú Yên,Vietnam,Retail
465987,VN02379318062,KHO KỸ THUẬT,NULL,KHO KỸ THUẬT,NULL,1,NULL,NULL,NULL,NULL,NULL,NULL,Active,0123456789,technical@couplegroup.com,NULL,NULL,NULL,NULL,20 Cộng Hoà,NULL,Phường 12,Quận Tân Bình,Hồ Chí Minh,Vietnam,Warehouse
465989,VN02379318063,KHO KẾ TOÁN,NULL,KHO KẾ TOÁN,NULL,1,NULL,NULL,NULL,NULL,NULL,NULL,Active,0123456789,lancao@coupletx.com,NULL,NULL,NULL,NULL,20 Cộng Hoà,NULL,Phường 12,Quận Tân Bình,Hồ Chí Minh,Vietnam,Warehouse
465995,VN02379318064,KHO SẢN XUẤT,NULL,KHO SẢN XUẤT,NULL,1,NULL,NULL,NULL,NULL,NULL,NULL,Active,0123456789,hongtran@coupletx.com,NULL,NULL,NULL,NULL,20 Cộng Hoà,NULL,Phường 12,Quận Tân Bình,Hồ Chí Minh,Vietnam,Warehouse
471477,VN02382118029,MỸ THO,MT-TG,MỸ THO,NULL,NULL,Nhượng quyền,Phố,B,Mass,2018-05-05,NULL,Active,09 3333 4500,mytho.apbac@coupletx.com,Ms. HIỆP,NGUYỄN THỊ HIẾU THẢO,103,3,186 Ấp Bắc,NULL,Phường 5,Thành phố Mỹ Tho,Tiền Giang,Vietnam,Retail
476061,VN02101118031,CẦU GIẤY,CG-HN,CẦU GIẤY,NULL,NULL,Trực thuộc,Phố,C,Mass,2018-06-01,NULL,Active,024 3203 7111, hn.caugiay@coupletx.com,Mr. PHÁT,TRẦN THỊ NHUNG,130,5,93 Cầu Giấy,NULL,Phường Quan Hoa,Quận Cầu Giấy,Hà Nội,Vietnam,Retail
477893,VN02379218090,30MIN AEONTP (CLOSED),NULL,30MIN AEONTP (CLOSED),1,NULL,NULL,NULL,NULL,NULL,NULL,NULL,Inactive,18006526,acb@123.com,NULL,NULL,NULL,NULL,"Aeonmall Tân Phú, 30 Bờ Bao Tân Thắng",NULL,Phường Sơn Kỳ,Quận Tân Phú,Hồ Chí Minh,Vietnam,BD
480733,VN02379118033,CỦ CHI,CC,CỦ CHI,NULL,NULL,Nhượng quyền,Phố,B,Mainstream,2018-07-07,NULL,Active,028 6685 2986,hcm.cuchi@coupletx.com,Mr. SANG,LÊ QUỐC DŨNG,145,4,183 Tỉnh lộ 8,NULL,Thị trấn Củ Chi,Huyện Củ Chi,Hồ Chí Minh,Vietnam,Retail
483201,VN02379318065,KHO CUNG ỨNG,NULL,KHO CUNG ỨNG,NULL,1,NULL,NULL,NULL,NULL,NULL,NULL,Active,0933916668,duongtt@couplegroup.com,NULL,NULL,NULL,NULL,20 Cộng Hòa,NULL,Phường 12,Quận Tân Bình,Hồ Chí Minh,Vietnam,Warehouse
519278,VN02379518091,ORDER,NULL,ORDER,NULL,1,NULL,NULL,NULL,NULL,NULL,NULL,Active,02873066562,sale.online@coupletx.com,NULL,NULL,NULL,NULL,"25 Lô 3, Đường 19/5A, KCN Tân Bình",NULL,Phường Tây Thạnh,Quận Tân Phú,Hồ Chí Minh,Vietnam,Warehouse
528854,VN02379118034,NGUYỄN TRÃI FLAGSHIP,NTF,NGUYỄN TRÃI FLAGSHIP,NULL,NULL,Trực thuộc,Phố,A+,Flagship,2018-09-28,NULL,Active,028 6651 9699,Hcm.nguyentrai@coupletx.com,Mr. NAM,LÝ KIỀU PHƯƠNG,160,6,185-187-189 Nguyễn Trãi,NULL,Phường 02,Quận 5,Hồ Chí Minh,Vietnam,Retail
536898,VN02396119047,CÀ MAU,CM,CÀ MAU,NULL,NULL,Nhượng quyền,Phố,C,Mass,2019-12-11,NULL,Active,0933334600,camau.tranhungdao@coupletx.com,Ms. HIỆP,LÊ NGỌC NI,150,4,61 Trần Hưng Đạo,NULL,Phường 5,Thành phố Cà Mau,Cà Mau,Vietnam,Retail
536902,VN02252118038,QUY NHƠN,QNH,QUY NHƠN,NULL,NULL,Nhượng quyền,Phố,C,Mass,2018-11-16,NULL,Active,0256 3816 779,quynhon.tangbatho@coupletx.com,Ms. CHO,ĐẶNG THỊ NGỌC HƯỜNG,115,4,135 Tăng Bạt Hổ,NULL,Phường Lê Lợi,Thành phố Quy Nhơn,Bình Định,Vietnam,Retail
549866,VN02379318066,KHO TIKI,NULL,KHO TIKI,NULL,1,NULL,NULL,NULL,NULL,NULL,NULL,Active,0123456789,tiki123@gmail.com,NULL,NULL,NULL,NULL,"F370, 376 Bạch Đằng",NULL,Phường 15,Quận Tân Bình,Hồ Chí Minh,Vietnam,Warehouse
553488,VN02379318067,KHO QUÀ TẶNG,NULL,KHO QUÀ TẶNG,NULL,1,NULL,NULL,NULL,NULL,NULL,NULL,Active,0123456789,abc@123.com,NULL,NULL,NULL,NULL,20 Cộng Hòa,NULL,Phường 12,Quận Tân Bình,Hồ Chí Minh,Vietnam,Warehouse
566790,VN02379219041,GIGAMALL PVĐ,GIGA,GIGAMALL PVĐ,NULL,NULL,Trực thuộc,Mall,A,Flagship,2019-01-01,NULL,Active,028 6650 9699,hcm.gigatd@coupletx.com,Mr. SANG,LÊ THỊ NHƯ Ý,180,6,240 Phạm Văn Đồng,NULL,Phường Hiệp Bình Chánh,Quận Thủ Đức,Hồ Chí Minh,Vietnam,Retail
566792,VN02101218040,AEON LONG BIÊN,AEON LB,AEON LONG BIÊN,NULL,NULL,Trực thuộc,Mall,C,Mainstream,2018-12-16,NULL,Active,024 6662 9929,hn.aeonlb@coupletx.com,Mr. PHÁT,HOÀNG THỊ THANH TRANG,140,5,"Gian hàng: T2-17, TTTM Aeon Long Biên, 27 Cổ Linh",NULL,Phường Long Biên,Quận Long Biên,Hà Nội,Vietnam,Retail
566796,VN02101118039,CHÙA BỘC (CLOSED),CB,CHÙA BỘC (CLOSED),NULL,NULL,Trực thuộc,Phố,C,Mass,2018-12-14,NULL,Inactive,024 3207 9000,hn.chuaboc@coupletx.com,Mr. THỊNH,TRIỆU THỊ MỸ LINH,90,5,19 Chùa Bộc,NULL,Phường Kim Liên,Quận Đống Đa,Hà Nội,Vietnam,Retail
575554,VN02379518115,Kho trung gian,NULL,KHO TRUNG GIAN,NULL,1,NULL,NULL,NULL,NULL,NULL,NULL,Active,NULL,NULL,NULL,NULL,NULL,NULL,NULL,NULL,NULL,NULL,NULL,NULL,Warehouse
596511,VN02379119042,LÊ VĂN KHƯƠNG,LVK,LÊ VĂN KHƯƠNG,NULL,NULL,Trực thuộc,Phố,C,Mass,2019-04-04,NULL,Active,028 6660 9499,hcm.levankhuong@coupletx.com,Mr. NAM,LÊ PHƯƠNG UYÊN (CHP),325,4,326 Lê Văn Khương,NULL,Phường Thới An,Quận 12,Hồ Chí Minh,Vietnam,Retail
602035,VN02379319068,KHO ONWAYS,NULL,KHO ONWAYS,NULL,1,NULL,NULL,NULL,NULL,NULL,NULL,Active,0915131378,ic@couplegroup.com,NULL,NULL,NULL,NULL,20 Cộng Hòa,NULL,Phường 12,Quận Tân Bình,Hồ Chí Minh,Vietnam,Warehouse
642681,VN02379319069,KHO TỪ THIỆN,NULL,KHO TỪ THIỆN,NULL,1,NULL,NULL,NULL,NULL,NULL,NULL,Active,02873066562,cskh@coupletx.com,NULL,NULL,NULL,NULL,20 Cộng Hòa,NULL,Phường 12,Quận Tân Bình,Hồ Chí Minh,Vietnam,Warehouse
670751,VN02179319070,KHO MIỀN BẮC,NULL,KHO MIỀN BẮC,NULL,1,NULL,NULL,NULL,NULL,NULL,NULL,Active,0123456789,abc@123.com,NULL,NULL,NULL,NULL,93 Cầu Giấy,NULL,Phường Quan Hoa,Quận Cầu Giấy,Hà Nội,Vietnam,Warehouse
683654,VN02379118092,LE VAN SY (CLOSED),NULL,LE VAN SY (CLOSED),NULL,NULL,Trực thuộc,Phố,NULL,NULL,NULL,NULL,Inactive,66709899,NULL,NULL,NULL,NULL,NULL,592-594 Luỹ Bán Bích,NULL,Phường Hòa Thạnh,Quận Tân Phú,Hồ Chí Minh,Vietnam,Retail
687776,VN02387219045,VINCOM CAO LÃNH,VC CL,VINCOM CAO LÃNH,NULL,NULL,Trực thuộc,Mall,C,Mass,2019-10-05,NULL,Active,028 7306 6562,dongthap.vincomcl@coupletx.com,Mr. LIÊM,CAO THỊ NHỊN,133,5,30 tháng 4,NULL,Phường 1,Thành phố Cao Lãnh,Đồng Tháp,Vietnam,Retail
715655,VN02137118093,NINH BÌNH (CLOSED),NULL,NINH BÌNH (CLOSED),1,NULL,NULL,NULL,NULL,NULL,NULL,NULL,Inactive,0000000000,laita@couplegroup.com,NULL,NULL,NULL,NULL,123,NULL,NULL,Thành phố Ninh Bình,Ninh Bình,Vietnam,BD
715658,VN02137118094,TAM ĐIỆP (CLOSED),NULL,TAM ĐIỆP (CLOSED),1,NULL,NULL,NULL,NULL,NULL,NULL,NULL,Inactive,0000000000,laita@couplegroup.com,NULL,NULL,NULL,NULL,123,NULL,NULL,Thành phố Tam Điệp,Ninh Bình,Vietnam,BD
715661,VN02138118095,BỈM SƠN (CLOSED),NULL,BỈM SƠN (CLOSED),1,NULL,NULL,NULL,NULL,NULL,NULL,NULL,Inactive,0000000000,laita@couplegroup.com,NULL,NULL,NULL,NULL,123,NULL,NULL,Thị xã Bỉm Sơn,Thanh Hóa,Vietnam,BD
715664,VN02138118096,THANH HÓA (CLOSED),NULL,THANH HÓA (CLOSED),1,NULL,NULL,NULL,NULL,NULL,NULL,NULL,Inactive,000000000,laita@couplegroup.com,NULL,NULL,NULL,NULL,123,NULL,NULL,Thành phố Thanh Hóa,Thanh Hóa,Vietnam,BD
715673,VN02101219046,AEON HÀ ĐÔNG,AEON HĐ,AEON HÀ ĐÔNG,NULL,NULL,Trực thuộc,Mall,C,Mass,2019-12-05,NULL,Active,028 7306 6562,hn.aeonhd@coupletx.com,Mr. PHÁT,NGUYỄN THỊ PHƯƠNG HOA,115,5,Dương Nội,NULL,Phường Dương Nội,Quận Hà Đông,Hà Nội,Vietnam,Retail
715679,VN02383219044,SENSECITY BẾN TRE,SC-BT,SENSECITY BẾN TRE,NULL,NULL,Trực thuộc,Mall,B,Mass,2019-08-11,NULL,Active,0854 293 595,bentre.sense@coupletx.com,Mr. LIÊM,NGUYỄN KIM NGÂN,81,4,26A Trần Quốc Tuấn,NULL,Phường 4,Thành phố Bến Tre,Bến Tre,Vietnam,Retail
715685,VN02248218097,VVMALL ĐÀ NẴNG (CLOSED),NULL,VVMALL ĐÀ NẴNG (CLOSED),NULL,NULL,Trực thuộc,Mall,NULL,NULL,NULL,NULL,Inactive,0000000000,danang.vvmall@coupletx.com,NULL,NULL,NULL,NULL,8 Võ Nguyên Giáp,NULL,Phường Khuê Mỹ,Quận Ngũ Hành Sơn,Đà Nẵng,Vietnam,Retail
729149,VN02379218098,PARKSON HÙNG VƯƠNG (CLOSED),NULL,PARKSON HÙNG VƯƠNG (CLOSED),1,NULL,NULL,NULL,NULL,NULL,NULL,NULL,Inactive,0000000000,hcm.parksonhv@coupetx.com,NULL,NULL,NULL,NULL,Parkson Hùng Vương,NULL,NULL,NULL,Hồ Chí Minh,Vietnam,BD
730553,VN02379220050,VINCOM Q2,NULL,VINCOM Q2,NULL,NULL,Trực thuộc,Mall,A,Mainstream,30/05/20,NULL,Active,0000000000,hcm.vincomq2@coupletx.com,Mr. SANG,NULL,NULL,5,Vincom Thảo Điền,NULL,Phường Thảo Điền,Quận 2,Hồ Chí Minh,Vietnam,Retail
733943,VN02375118099,LONG KHÁNH (CLOSED),NULL,LONG KHÁNH (CLOSED),1,NULL,NULL,NULL,NULL,NULL,NULL,NULL,Inactive,0000000000,dongnai.longkhanh@coupletx.com,NULL,NULL,NULL,NULL,Long Khánh,NULL,NULL,Thị xã Long Khánh,Đồng Nai,Vietnam,BD
754112,VN02262219048,VINCOM KON TUM (CLOSED),VC KT,VINCOM KON TUM,NULL,NULL,Trực thuộc,Mall,C,Mass,2019-12-24,NULL,Active,028 7300 2515,kontum.vincomkt@coupletx.com,Ms. CHO,TRẦN NHẬT KỲ,115,5,02 Phan Đình Phùng,NULL,Phường Quyết Thắng,Thành phố Kon Tum,Kon Tum,Vietnam,Retail
766932,VN02379218100,NOWZONE (CLOSED),NULL,NOWZONE (CLOSED),1,NULL,NULL,NULL,NULL,NULL,NULL,NULL,Inactive,0989999999,him.nowzoneq1@coupletx.com,NULL,NULL,NULL,NULL,235 Đường Nguyễn Văn Cừ,NULL,Phường Nguyễn Cư Trinh,Quận 1,Hồ Chí Minh,Vietnam,BD
782604,VN02379320071,KHO QC,NULL,KHO QC,NULL,1,NULL,NULL,NULL,NULL,NULL,NULL,Active,0988888888,NULL,NULL,NULL,NULL,NULL,KCN Tân Bình,NULL,Phường Tây Thạnh,Quận Tân Phú,Hồ Chí Minh,Vietnam,Warehouse
876836,VN02379318101,KHO KARLA (CLOSED),NULL,KHO KARLA (CLOSED),1,NULL,NULL,NULL,NULL,NULL,NULL,NULL,Inactive,0909735051,ic@couplegroup.com,NULL,NULL,NULL,NULL,20 Cộng Hòa,NULL,Phường 12,Quận Tân Bình,Hồ Chí Minh,Vietnam,BD
905612,VN02179320072,KHO HÀNG B MIỀN BẮC,NULL,KHO HÀNG B MIỀN BẮC,NULL,1,NULL,NULL,NULL,NULL,NULL,NULL,Active,NULL,NULL,NULL,NULL,NULL,NULL,Cầu Giấy,NULL,Phường Quan Hoa,Quận Cầu Giấy,Hà Nội,Vietnam,Warehouse
947298,VN02379320073,WHOLESALE,NULL,WHOLESALE,1,NULL,NULL,NULL,NULL,NULL,NULL,NULL,Active,NULL,NULL,NULL,NULL,NULL,NULL,20 Cộng Hòa,NULL,Phường 12,Quận Tân Bình,Hồ Chí Minh,Vietnam,BD
947302,VN02379320074,DISTRIBUTION AGENT,NULL,DISTRIBUTION AGENT,1,NULL,NULL,NULL,NULL,NULL,NULL,NULL,Active,NULL,NULL,NULL,NULL,NULL,NULL,20 Cộng Hòa,NULL,Phường 12,Quận Tân Bình,Hồ Chí Minh,Vietnam,BD
947306,VN02379320075,CUSTOMIZE,NULL,CUSTOMIZE,1,NULL,NULL,NULL,NULL,NULL,NULL,NULL,Active,NULL,NULL,NULL,NULL,NULL,NULL,20 Cộng Hòa,NULL,Phường 12,Quận Tân Bình,Hồ Chí Minh,Vietnam,BD
947568,VN02301320076,KHO SỈ PHÁT,NULL,KHO SỈ PHÁT,1,NULL,NULL,NULL,NULL,NULL,NULL,NULL,Active,NULL,NULL,NULL,NULL,NULL,NULL,20 Cộng Hòa,NULL,Phường 12,Quận Tân Bình,Hồ Chí Minh,Vietnam,BD
1005758,VN02131220051,AEON HẢI PHÒNG,NULL,AEON HẢI PHÒNG,NULL,NULL,Trực thuộc,Mall,A,Mainstream,14/12/20,NULL,Active,NULL,NULL,Mr. PHÁT,NULL,NULL,NULL,Số 10 Đường Võ Nguyên Giáp,NULL,Phường Kênh Dương,Quận Lê Chân,Hải Phòng,Vietnam,Retail
1016346,VN02379320077,KHO COUPLE GROUP,NULL,KHO COUPLE GROUP,NULL,1,NULL,NULL,NULL,NULL,NULL,NULL,Active,NULL,NULL,NULL,NULL,NULL,NULL,20 Cộng Hòa,NULL,Phường 12,Quận Tân Bình,Hồ Chí Minh,Vietnam,Warehouse
1062524,VN02379321141,KHO SỈ TẠM,NULL,KHO SỈ TẠM,NULL,1,NULL,NULL,NULL,NULL,NULL,NULL,Active,NULL,NULL,NULL,NULL,NULL,NULL,20 Cộng Hòa,NULL,Phường 12,Quận Tân Bình,Hồ Chí Minh,Vietnam,Warehouse
1081556,VN02379321142,KHO ECOM,NULL,KHO ECOM,NULL,1,NULL,NULL,NULL,NULL,NULL,NULL,Active,NULL,NULL,NULL,NULL,NULL,NULL,20 Cộng Hòa,NULL,Phường 12,Quận Tân Bình,Hồ Chí Minh,Vietnam,Warehouse
